{"cameraMode":{"drawMode":0,"name":"Shaded","section":"Shading Mode"},"sceneLighting":true,"audioPlay":false,"sceneViewState":{"showFog":true,"showMaterialUpdate":true,"showSkybox":true,"showFlares":true,"showImageEffects":true,"showParticleSystems":true},"in2DMode":false,"pivot":{"x":13.049592971801758,"y":-6.380816459655762,"z":4.455623149871826},"rotation":{"x":-0.20453067123889924,"y":-0.5206148028373718,"z":0.1300559788942337,"w":-0.8186958432197571},"size":10.407719612121582,"orthographic":false}