{"cameraMode":{"drawMode":0,"name":"Shaded","section":"Shading Mode"},"sceneLighting":true,"audioPlay":false,"sceneViewState":{"showFog":true,"showMaterialUpdate":true,"showSkybox":true,"showFlares":true,"showImageEffects":true,"showParticleSystems":true},"in2DMode":false,"pivot":{"x":2.446659564971924,"y":-0.029453277587890626,"z":-4.403716087341309},"rotation":{"x":-0.5092548131942749,"y":0.0005097819957882166,"z":-0.0003129664110019803,"w":-0.860632598400116},"size":10.428838729858399,"orthographic":false}