{"cameraMode":{"drawMode":0,"name":"Shaded","section":"Shading Mode"},"sceneLighting":true,"audioPlay":false,"sceneViewState":{"showFog":true,"showMaterialUpdate":true,"showSkybox":true,"showFlares":true,"showImageEffects":true,"showParticleSystems":true},"in2DMode":false,"pivot":{"x":2.8432698249816896,"y":-0.9067808389663696,"z":-4.394871234893799},"rotation":{"x":-0.47399112582206728,"y":-0.0008001021924428642,"z":0.00041669185156933963,"w":-0.8805455565452576},"size":10.428838729858399,"orthographic":false}